Path,Top Level Dir,Size (KB),Last Modified,Last Commit,Description
".cursorrules","root",17.62,"2025-11-04","2025-11-04","–Ø–∑—ã–∫ –∏ —Å—Ç–∏–ª—å –æ–±—â–µ–Ω–∏—è"
".github/ISSUE_TEMPLATE/bug_report.md",".github",1.82,"2025-11-04","2025-11-04","–û–ø–∏—Å–∞–Ω–∏–µ –±–∞–≥–∞"
".github/ISSUE_TEMPLATE/feature_request.md",".github",2.26,"2025-11-04","2025-11-04","–û–ø–∏—Å–∞–Ω–∏–µ –ø—Ä–æ–±–ª–µ–º—ã"
".github/PULL_REQUEST_TEMPLATE.md",".github",2.06,"2025-11-04","2025-11-04","–û–ø–∏—Å–∞–Ω–∏–µ –∏–∑–º–µ–Ω–µ–Ω–∏–π"
".gitmessage","root",0.82,"2025-11-04","2025-11-04","fix: resolve app launch issues and prepare for Admin MVP development BREAKING CHANGES:"
".setup-complete.md","root",10.79,"2025-11-04","2025-11-04","‚úÖ Setup Complete: AI IDE Tools & Documentation"
"CHANGELOG.md","root",3.47,"2025-11-04","2025-11-04","Changelog"
"docs/ADMIN_FUNCTIONALITY.md","docs",29.87,"2025-11-04","2025-11-04","–§—É–Ω–∫—Ü–∏–æ–Ω–∞–ª –ê–¥–º–∏–Ω–∏—Å—Ç—Ä–∞—Ç–æ—Ä–∞ –ü–í–ó"
"docs/AI_PROMPTS.md","docs",23.74,"2025-11-04","2025-11-04","ü§ñ AI –ü—Ä–æ–º–ø—Ç-—à–∞–±–ª–æ–Ω—ã"
"docs/architecture/ARCHITECTURE.md","docs",22.97,"2025-11-04","2025-11-04","üèóÔ∏è –ê—Ä—Ö–∏—Ç–µ–∫—Ç—É—Ä–∞ –ø—Ä–æ–µ–∫—Ç–∞ WB –ü–í–ó"
"docs/architecture/DECISIONS.md","docs",23.85,"2025-11-04","2025-11-04","üìù Architecture Decision Records (ADR)"
"docs/archive/SESSION_SUMMARY_2025-10-20_color_migration_final.md","docs",8.54,"2025-11-04","2025-11-04","üìù –ò—Ç–æ–≥–æ–≤–∞—è —Å–µ—Å—Å–∏—è –º–∏–≥—Ä–∞—Ü–∏–∏ —Ü–≤–µ—Ç–æ–≤ –Ω–∞ tokens (20 –æ–∫—Ç—è–±—Ä—è 2025)"
"docs/archive/SESSION_SUMMARY_2025-10-20_color_migration.md","docs",8.75,"2025-11-04","2025-11-04","üìù –†–µ–∑—é–º–µ —Å–µ—Å—Å–∏–∏: –ú–∏–≥—Ä–∞—Ü–∏—è —Ö–∞—Ä–¥–∫–æ–¥ —Ü–≤–µ—Ç–æ–≤ –Ω–∞ tokens"
"docs/archive/SESSION_SUMMARY_2025-10-20_components_migration.md","docs",10.43,"2025-11-04","2025-11-04","üì¶ –°–µ—Å—Å–∏—è: –ú–∏–≥—Ä–∞—Ü–∏—è –∫–æ–º–ø–æ–Ω–µ–Ω—Ç–æ–≤"
"docs/archive/SESSION_SUMMARY_2025-10-20_ui_system.md","docs",22.04,"2025-11-04","2025-11-04","üé® –°–µ—Å—Å–∏—è 20 –æ–∫—Ç—è–±—Ä—è 2025: –°–æ–∑–¥–∞–Ω–∏–µ –µ–¥–∏–Ω–æ–π UI —Å–∏—Å—Ç–µ–º—ã"
"docs/archive/STABLE_VERSION_2025-10-20.md","docs",9.71,"2025-11-04","2025-11-04","üì¶ –°—Ç–∞–±–∏–ª—å–Ω–∞—è –≤–µ—Ä—Å–∏—è - 20 –æ–∫—Ç—è–±—Ä—è 2025"
"docs/archive/STARTUP_OPTIMIZATION.md","docs",7.69,"2025-11-04","2025-11-04","üöÄ –û–ø—Ç–∏–º–∏–∑–∞—Ü–∏—è —Å–∫—Ä–∏–ø—Ç–æ–≤ –∑–∞–ø—É—Å–∫–∞"
"docs/archive/TASKS_ARCHIVE.md","docs",11.53,"2025-11-04","2025-11-04","–ê—Ä—Ö–∏–≤ –≤—ã–ø–æ–ª–Ω–µ–Ω–Ω—ã—Ö –∑–∞–¥–∞—á"
"docs/archive/TEXT_RENDERING_ERROR_FIX.md","docs",6.38,"2025-11-04","2025-11-04","–ò—Å–ø—Ä–∞–≤–ª–µ–Ω–∏–µ –æ—à–∏–±–∫–∏ ""Text strings must be rendered within a <Text component"""
"docs/AUDIT_REPORT.md","docs",5.10,"2025-11-04","2025-11-04","üìã –û—Ç—á–µ—Ç –æ —Ä–µ–≤–∏–∑–∏–∏ –ø—Ä–æ–µ–∫—Ç–∞"
"docs/COLOR_PALETTE.deprecated.md","docs",16.09,"2025-11-04","2025-11-04","üé® –ü–æ–ª–Ω–∞—è —Ü–≤–µ—Ç–æ–≤–∞—è –ø–∞–ª–∏—Ç—Ä–∞ –ø—Ä–∏–ª–æ–∂–µ–Ω–∏—è WB –ü–í–ó"
"docs/COLOR_USAGE_GUIDE.md","docs",16.66,"2025-11-04","2025-11-04","üé® –ì–∞–π–¥ –ø–æ –∏—Å–ø–æ–ª—å–∑–æ–≤–∞–Ω–∏—é —Ü–≤–µ—Ç–æ–≤"
"docs/COMPONENTS_STRATEGY.md","docs",17.15,"2025-11-04","2025-11-04","üß© –°—Ç—Ä–∞—Ç–µ–≥–∏—è —Ä–∞–±–æ—Ç—ã —Å –∫–æ–º–ø–æ–Ω–µ–Ω—Ç–∞–º–∏"
"docs/context.md","docs",1.07,"2025-11-04","2025-11-04","üß≠ –ö–æ–Ω—Ç–µ–∫—Å—Ç –ø—Ä–æ–µ–∫—Ç–∞ –¥–ª—è –ò–ò –∞—Å—Å–∏—Å—Ç–µ–Ω—Ç–∞"
"docs/CURSOR_CONTEXT.md","docs",6.55,"2025-11-04","2025-11-04","üéØ –ö–æ–Ω—Ç–µ–∫—Å—Ç –ø—Ä–æ–µ–∫—Ç–∞ –¥–ª—è AI"
"docs/DESIGN_QUICK_REF.md","docs",6.29,"2025-11-04","2025-11-04","üéØ –î–∏–∑–∞–π–Ω-—Å–∏—Å—Ç–µ–º–∞ - –ë—ã—Å—Ç—Ä–∞—è —Å–ø—Ä–∞–≤–∫–∞"
"docs/design-system/DESIGN_SYSTEM_CHANGELOG.md","docs",5.18,"2025-11-04","2025-11-04","Changelog - –î–∏–∑–∞–π–Ω-—Å–∏—Å—Ç–µ–º–∞"
"docs/design-system/DESIGN_SYSTEM_CLEANUP_SUMMARY.md","docs",7.58,"2025-11-04","2025-11-04","üßπ –û—á–∏—Å—Ç–∫–∞ –¥–∏–∑–∞–π–Ω-—Å–∏—Å—Ç–µ–º—ã - –ò—Ç–æ–≥–æ–≤—ã–π –æ—Ç—á—ë—Ç"
"docs/design-system/DESIGN_SYSTEM.md","docs",6.49,"2025-11-04","2025-11-04","–î–∏–∑–∞–π–Ω-—Å–∏—Å—Ç–µ–º–∞ WB –ü–í–ó"
"docs/design-system/UI_TOKENS.md","docs",12.55,"2025-11-04","2025-11-04","üé® UI Design Tokens"
"docs/DEV_TOOLS.md","docs",8.38,"2025-11-04","2025-11-04","üõ†Ô∏è Dev Tools - –ò–Ω—Å—Ç—Ä—É–º–µ–Ω—Ç—ã —Ä–∞–∑—Ä–∞–±–æ—Ç—á–∏–∫–∞"
"docs/EMPLOYEES_MODULE_ARCHITECTURE_RU.md","docs",30.59,"2025-11-04","2025-11-04","üèóÔ∏è –ê—Ä—Ö–∏—Ç–µ–∫—Ç—É—Ä–∞ –º–æ–¥—É–ª—è ""–°–æ—Ç—Ä—É–¥–Ω–∏–∫–∏"""
"docs/EMPLOYEES_MODULE_IMPLEMENTATION_PLAN_RU.md","docs",44.04,"2025-11-04","2025-11-04","üìã –ü–ª–∞–Ω —Ä–µ–∞–ª–∏–∑–∞—Ü–∏–∏ –º–æ–¥—É–ª—è ""–°–æ—Ç—Ä—É–¥–Ω–∏–∫–∏"""
"docs/EMPLOYEES_MODULE_QUICK_START_RU.md","docs",11.77,"2025-11-04","2025-11-04","‚ö° –ë—ã—Å—Ç—Ä—ã–π —Å—Ç–∞—Ä—Ç: –ú–æ–¥—É–ª—å ""–°–æ—Ç—Ä—É–¥–Ω–∏–∫–∏"""
"docs/EMPLOYEES_MODULE_READY.md","docs",14.83,"2025-11-04","2025-11-04","–ì–æ—Ç–æ–≤–Ω–æ—Å—Ç—å –∫ —Ä–∞–∑—Ä–∞–±–æ—Ç–∫–µ –º–æ–¥—É–ª—è ""–ü–µ—Ä—Å–æ–Ω–∞–ª"""
"docs/EMPLOYEES_MODULE_VISUAL_MAP_RU.md","docs",32.03,"2025-11-04","2025-11-04","üó∫Ô∏è –í–∏–∑—É–∞–ª—å–Ω–∞—è –∫–∞—Ä—Ç–∞ –º–æ–¥—É–ª—è ""–°–æ—Ç—Ä—É–¥–Ω–∏–∫–∏"""
"docs/employees-module/README.md","docs",4.74,"2025-11-04","2025-11-04","üìã –ú–æ–¥—É–ª—å ""–°–æ—Ç—Ä—É–¥–Ω–∏–∫–∏"" - –î–æ–∫—É–º–µ–Ω—Ç–∞—Ü–∏—è"
"docs/guides/CONTRIBUTING.md","docs",23.41,"2025-11-04","2025-11-04","ü§ù –†—É–∫–æ–≤–æ–¥—Å—Ç–≤–æ –ø–æ –≤–Ω–µ—Å–µ–Ω–∏—é –∏–∑–º–µ–Ω–µ–Ω–∏–π"
"docs/guides/MIGRATION_GUIDE.md","docs",5.33,"2025-11-04","2025-11-04","–†—É–∫–æ–≤–æ–¥—Å—Ç–≤–æ –ø–æ –º–∏–≥—Ä–∞—Ü–∏–∏ –Ω–∞ –æ–±–Ω–æ–≤–ª–µ–Ω–Ω—ã–π —Å—Ç–µ–∫"
"docs/guides/QUICK_START.md","docs",5.13,"2025-11-04","2025-11-04","‚ö° –ë—ã—Å—Ç—Ä—ã–π —Å—Ç–∞—Ä—Ç - WB –ü–í–ó App"
"docs/guides/SETUP_SUMMARY_RU.md","docs",12.95,"2025-11-04","2025-11-04","üéâ –ó–∞–≤–µ—Ä—à–µ–Ω–æ: –ù–∞—Å—Ç—Ä–æ–π–∫–∞ AI IDE –∏–Ω—Å—Ç—Ä—É–º–µ–Ω—Ç–æ–≤ –∏ –¥–æ–∫—É–º–µ–Ω—Ç–∞—Ü–∏–∏"
"docs/guides/START_GUIDE.md","docs",7.83,"2025-11-04","2025-11-04","üöÄ –ë—ã—Å—Ç—Ä—ã–π –∑–∞–ø—É—Å–∫ –ø—Ä–∏–ª–æ–∂–µ–Ω–∏—è"
"docs/guides/TESTING.md","docs",21.29,"2025-11-04","2025-11-04","üß™ –†—É–∫–æ–≤–æ–¥—Å—Ç–≤–æ –ø–æ —Ç–µ—Å—Ç–∏—Ä–æ–≤–∞–Ω–∏—é"
"docs/LAYOUT_GUIDE.md","docs",14.04,"2025-11-04","2025-11-04","üìê –ì–∞–π–¥ –ø–æ —Ä–∞–∑–º–µ—â–µ–Ω–∏—é —ç–ª–µ–º–µ–Ω—Ç–æ–≤ (Layout)"
"docs/NEXT_SESSION.md","docs",5.16,"2025-11-04","2025-11-04","üöÄ –ü–æ–¥–≥–æ—Ç–æ–≤–∫–∞ –∫ —Å–ª–µ–¥—É—é—â–µ–π —Å–µ—Å—Å–∏–∏"
"docs/OPTIMIZATION.md","docs",11.30,"2025-11-04","2025-11-04","‚ö° –†—É–∫–æ–≤–æ–¥—Å—Ç–≤–æ –ø–æ –æ–ø—Ç–∏–º–∏–∑–∞—Ü–∏–∏"
"docs/PROJECT.md","docs",13.05,"2025-11-04","2025-11-04","–ü—Ä–æ–µ–∫—Ç WB –ü–í–ó ‚Äî –ü–æ–ª–Ω–æ–µ –æ–ø–∏—Å–∞–Ω–∏–µ"
"docs/README.md","docs",10.61,"2025-11-04","2025-11-04","üìö –î–æ–∫—É–º–µ–Ω—Ç–∞—Ü–∏—è –ø—Ä–æ–µ–∫—Ç–∞ WB –ü–í–ó"
"docs/RULES_FOR_CURSOR.md","docs",10.03,"2025-11-04","2025-11-04","–ü—Ä–∞–≤–∏–ª–∞ –¥–ª—è Cursor AI"
"docs/SESSION_RULES.md","docs",2.53,"2025-11-04","2025-11-04","üöÄ –ü–†–ê–í–ò–õ–ê –†–ê–ë–û–¢–´ –° –°–ï–°–°–ò–Ø–ú–ò"
"docs/SESSION_SUMMARY_2025-10-20_final.md","docs",13.22,"2025-11-04","2025-11-04","–ò—Ç–æ–≥–æ–≤–∞—è —Å–µ—Å—Å–∏—è —Ä–∞–∑—Ä–∞–±–æ—Ç–∫–∏ - 20 –æ–∫—Ç—è–±—Ä—è 2025"
"docs/SESSION_SUMMARY_2025-10-30_audit.md","docs",6.25,"2025-11-04","2025-11-04","üìã –ò—Ç–æ–≥–∏ —Å–µ—Å—Å–∏–∏ - –†–µ–≤–∏–∑–∏—è –ø—Ä–æ–µ–∫—Ç–∞"
"docs/SESSION_SUMMARY_2025-11-02_employees_plan.md","docs",10.08,"2025-11-04","2025-11-04","üìã –°–µ—Å—Å–∏—è: –ü–ª–∞–Ω —Ä–µ–∞–ª–∏–∑–∞—Ü–∏–∏ –º–æ–¥—É–ª—è ""–°–æ—Ç—Ä—É–¥–Ω–∏–∫–∏"""
"docs/TASKS.md","docs",0.27,"2025-11-04","2025-11-04","üóÇÔ∏è –ó–∞–¥–∞—á–∏ –ø—Ä–æ–µ–∫—Ç–∞ (–∞–ª–∏–∞—Å)"
"docs/test-specs/README.md","docs",2.94,"2025-11-04","2025-11-04","–°–ø–µ—Ü–∏—Ñ–∏–∫–∞—Ü–∏–∏ —Ç–µ—Å—Ç–∏—Ä–æ–≤–∞–Ω–∏—è (–Ω–∞ 2025-10-01T10:57:58+07:00)"
"docs/test-specs/TEST_SESSION_TEMPLATE.md","docs",3.31,"2025-11-04","2025-11-04","–°–µ—Å—Å–∏—è —Ç–µ—Å—Ç–∏—Ä–æ–≤–∞–Ω–∏—è"
"docs/test-specs/user-flows/01_employee_shift_start.md","docs",7.77,"2025-11-04","2025-11-04","–°—Ü–µ–Ω–∞—Ä–∏–π: –ù–∞—á–∞–ª–æ —Å–º–µ–Ω—ã —Å–æ—Ç—Ä—É–¥–Ω–∏–∫–æ–º"
"docs/test-specs/user-flows/02_employee_shift_end.md","docs",3.63,"2025-11-04","2025-11-04","–°—Ü–µ–Ω–∞—Ä–∏–π: –ó–∞–≤–µ—Ä—à–µ–Ω–∏–µ —Å–º–µ–Ω—ã —Å–æ—Ç—Ä—É–¥–Ω–∏–∫–æ–º"
"docs/test-specs/user-flows/03_employee_breaks.md","docs",4.64,"2025-11-04","2025-11-04","–°—Ü–µ–Ω–∞—Ä–∏–π: –£–ø—Ä–∞–≤–ª–µ–Ω–∏–µ –ø–µ—Ä–µ—Ä—ã–≤–∞–º–∏"
"docs/test-specs/user-flows/04_employee_tasks.md","docs",9.82,"2025-11-04","2025-11-04","–°—Ü–µ–Ω–∞—Ä–∏–π: –†–∞–±–æ—Ç–∞ —Å –∑–∞–¥–∞—á–∞–º–∏"
"docs/test-specs/user-flows/05_employee_schedule.md","docs",11.09,"2025-11-04","2025-11-04","–°—Ü–µ–Ω–∞—Ä–∏–π: –†–∞–±–æ—Ç–∞ —Å –≥—Ä–∞—Ñ–∏–∫–æ–º"
"docs/test-specs/user-flows/06_employee_finance.md","docs",8.69,"2025-11-04","2025-11-04","–°—Ü–µ–Ω–∞—Ä–∏–π: –†–∞–±–æ—Ç–∞ —Å —Ñ–∏–Ω–∞–Ω—Å–∞–º–∏"
"docs/test-specs/user-flows/07_employee_chat.md","docs",9.16,"2025-11-04","2025-11-04","–°—Ü–µ–Ω–∞—Ä–∏–π: –†–∞–±–æ—Ç–∞ —Å —á–∞—Ç–æ–º"
"docs/TYPOGRAPHY_GUIDE.md","docs",16.05,"2025-11-04","2025-11-04","‚úèÔ∏è –ì–∞–π–¥ –ø–æ —Ç–∏–ø–æ–≥—Ä–∞—Ñ–∏–∫–µ"
"docs/UI_COMPONENTS.md","docs",19.37,"2025-11-04","2025-11-04","üß© UI Components - –ö–∞—Ç–∞–ª–æ–≥ –∫–æ–º–ø–æ–Ω–µ–Ω—Ç–æ–≤"
"docs/UI_GUIDELINES.md","docs",11.63,"2025-11-04","2025-11-04","üìê UI Guidelines - –ï–¥–∏–Ω–æ–æ–±—Ä–∞–∑–∏–µ –∏–Ω—Ç–µ—Ä—Ñ–µ–π—Å–∞"
"docs/updates/TECH_STACK_UPDATE.md","docs",4.29,"2025-11-04","2025-11-04","–û–±–Ω–æ–≤–ª–µ–Ω–∏–µ —Ç–µ—Ö–Ω–æ–ª–æ–≥–∏—á–µ—Å–∫–æ–≥–æ —Å—Ç–µ–∫–∞"
"docs/updates/TECH_UPDATE_SUMMARY.md","docs",9.03,"2025-11-04","2025-11-04","üöÄ –û–±–Ω–æ–≤–ª–µ–Ω–∏–µ —Ç–µ—Ö–Ω–æ–ª–æ–≥–∏—á–µ—Å–∫–æ–≥–æ —Å—Ç–µ–∫–∞ - –§–∏–Ω–∞–ª—å–Ω—ã–π –æ—Ç—á–µ—Ç"
"README.md","root",0.74,"2025-11-04","2025-11-04","üì± WB –ü–í–ó ‚Äî –ú–æ–±–∏–ª—å–Ω–æ–µ –ø—Ä–∏–ª–æ–∂–µ–Ω–∏–µ"
"reports/documentation_inventory.md","reports",13.81,"2025-11-04","N/A","–ò–Ω–≤–µ–Ω—Ç–∞—Ä–∏–∑–∞—Ü–∏—è –¥–æ–∫—É–º–µ–Ω—Ç–∞—Ü–∏–∏ –ø—Ä–æ–µ–∫—Ç–∞"
"scripts/README.md","scripts",4.83,"2025-11-04","N/A","–°–∫—Ä–∏–ø—Ç—ã –ø—Ä–æ–µ–∫—Ç–∞"
"src/components/AnimatedTabBar.README.md","src",3.86,"2025-11-04","2025-11-04","AnimatedTabBar"
"src/components/DevUICatalogFAB.README.md","src",6.76,"2025-11-04","2025-11-04","üé® Dev UI Catalog FAB"
